bookingid,deleteid,password
682,333,password123
357,623,password123
725,559,password123
711,367,password123
216,661,password123
99,600,password123
348,519,password123
714,500,password123
292,570,password123
665,483,password123
269,397,password123
225,237,password123
323,641,password123
158,643,password123
696,581,password123
1,467,password123
305,375,password123
299,208,password123
460,86,password123
377,351,password123
241,301,password123
660,356,password123
290,695,password123
11,576,password123
132,252,password123
92,520,password123
97,384,password123
697,677,password123
579,508,password123
129,226,password123
608,474,password123
524,302,password123
389,575,password123
24,337,password123
256,79,password123
562,130,password123
540,434,password123
29,57,password123
617,306,password123
298,621,password123
145,362,password123
207,45,password123
295,671,password123
611,425,password123
716,36,password123
359,319,password123
456,191,password123
352,152,password123
111,19,password123
497,328,password123
618,60,password123
93,320,password123
572,167,password123
25,194,password123
549,39,password123
77,10,password123
159,286,password123
670,182,password123
271,313,password123
236,536,password123
461,114,password123
610,374,password123
464,353,password123
186,580,password123
739,334,password123
704,516,password123
105,199,password123
684,204,password123
13,47,password123
535,418,password123
396,344,password123
538,66,password123
668,715,password123
228,477,password123
61,75,password123
261,164,password123
18,246,password123
694,279,password123
585,187,password123
88,169,password123
586,647,password123
336,463,password123
265,386,password123
303,602,password123
258,394,password123
165,82,password123
270,218,password123
330,588,password123
505,689,password123
603,109,password123
219,297,password123
7,594,password123
742,645,password123
238,427,password123
490,119,password123
112,95,password123
729,101,password123
96,128,password123
311,495,password123
46,449,password123
30,120,password123
4,678,password123
324,137,password123
229,542,password123
503,214,password123
70,409,password123
94,650,password123
472,378,password123
53,6,password123
446,599,password123
485,69,password123
72,506,password123
498,404,password123
2,278,password123
74,564,password123
528,591,password123
578,81,password123
407,59,password123
475,127,password123
502,411,password123
148,307,password123
530,87,password123
587,185,password123
23,633,password123
54,631,password123
206,28,password123
648,734,password123
37,160,password123
321,116,password123
626,115,password123
171,489,password123
181,161,password123
260,596,password123
518,195,password123
197,706,password123
254,681,password123
691,470,password123
657,126,password123
445,521,password123
310,102,password123
317,481,password123
442,441,password123
131,469,password123
80,139,password123
523,212,password123
316,452,password123
135,291,password123
545,347,password123
447,89,password123
162,154,password123
,376,
,421,
,56,
,392,
,662,
,325,
,275,
,288,
,509,
,701,
,552,
,543,
,51,
,284,
,156,
,27,
,49,
,300,
,532,
,108,
,153,
,360,
,176,
,429,
,744,
,379,
,569,
,244,
,8,
,280,
,58,
,632,
,428,
,733,
,708,
,20,
,103,
,458,
,198,
,272,
,365,
,399,
,327,
,32,
,144,
,235,
,499,
,155,
,622,
,606,
,726,
,659,
,692,
,173,
,672,
,122,
,31,
,616,
,440,
,140,
,308,
,669,
,65,
,439,
,253,
,556,
,380,
,361,
,26,
,544,
,215,
,14,
,221,
,38,
,373,
,415,
,257,
,605,
,250,
,166,
,16,
,582,
,551,
,565,
,9,
,63,
,387,
,177,
,133,
,686,
,403,
,676,
,117,
,437,
,209,
,666,
,294,
,654,
,493,
,247,
,743,
,615,
,554,
,655,
,277,
,22,
,125,
,248,
,488,
,355,
,702,
,408,
,43,
,83,
,123,
,688,
,118,
,368,
,653,
,202,
,366,
,170,
,420,
,354,
,731,
,459,
,482,
,243,
,188,
,413,
,637,
,712,
,476,
,364,
,343,
,432,
,234,
,251,
,724,
,496,
,262,
,98,
,349,
,110,
,683,
,558,
,304,
,322,
,382,
,342,
,78,
,259,
,423,
,90,
,273,
,448,
,285,
,179,
,76,
,5,
,593,
,705,
,239,
,142,
,451,
,249,
,560,
,630,
,326,
,263,
,431,
,296,
,48,
,393,
,312,
,627,
,233,
,33,
,17,
,172,
,371,
,652,
,719,
,388,
,675,
,175,
,217,
,401,
,478,
,492,
,745,
,136,
,146,
,515,
,232,
,741,
,435,
,62,
,398,
,567,
,255,
,223,
,571,
,34,
,721,
,414,
,121,
,276,
,149,
,718,
,525,
,134,
,281,
,193,
,3,
,283,
,196,
,52,
,346,
,213,
,405,
,15,
,42,
,266,
,419,
,211,
,436,
,40,
,168,
,738,
,200,
,147,
,466,
,592,
,44,
,85,
,568,
,230,
,227,
,143,
,642,
,104,
,635,
,511,
,71,
,454,
,700,
,329,
,331,
,728,
,412,
,64,
,553,
,510,
,598,
,41,
,267,
,471,
,12,
,722,
,339,
,422,
,210,
,21,
,91,
,192,
,338,
,174,
,289,
,547,
,639,
,106,
,231,
,526,
,484,
,157,
,35,
,595,
,180,
,151,
,613,
,55,
,370,
,341,
,537,
,67,
,205,
,533,
,624,
,340,
,512,
,73,
,274,
,707,
,607,
,190,
,315,
,203,
